<?xml version="1.0" encoding="UTF-8"?>

<!--
  Licensed to the Apache Software Foundation (ASF) under one or more
  contributor license agreements.  See the NOTICE file distributed with
  this work for additional information regarding copyright ownership.
  The ASF licenses this file to You under the Apache License, Version 2.0
  (the "License"); you may not use this file except in compliance with
  the License.  You may obtain a copy of the License at

       http://www.apache.org/licenses/LICENSE-2.0

  Unless required by applicable law or agreed to in writing, software
  distributed under the License is distributed on an "AS IS" BASIS,
  WITHOUT WARRANTIES OR CONDITIONS OF ANY KIND, either express or implied.
  See the License for the specific language governing permissions and
  limitations under the License.
-->

<beans xmlns="http://www.springframework.org/schema/beans"
       xmlns:xsi="http://www.w3.org/2001/XMLSchema-instance"
       xsi:schemaLocation="
       http://www.springframework.org/schema/beans
       http://www.springframework.org/schema/beans/spring-beans.xsd">
    <!--
        Configuration below demonstrates how to setup a Ignite node with three
        preconfigured caches.

        If you need to add streaming functionality, add your streamers
        configuration in 'streamerConfiguration' property below.

        If you need to enable IGFS, use separate configuration files located in 'config/hadoop'
        folder. To start a IGFS data node use 'config/hadoop/default-config.xml' file. To start
        a IGFS client node use 'config/hadoop/default-config-client.xml' file.
    -->
    <bean id="grid.cfg" class="org.apache.ignite.configuration.IgniteConfiguration">
        <!-- Cache configurations. -->
        <property name="cacheConfiguration">
            <list>
                <!--
                    Local cache configuration.
                -->
                <bean class="org.apache.ignite.configuration.CacheConfiguration">
                    <property name="name" value="partitioned"/>
                    <property name="cacheMode" value="PARTITIONED"/>
                </bean>

                <!--
                    Replicated cache configuration.
                -->
                <bean class="org.apache.ignite.configuration.CacheConfiguration">
                    <property name="name" value="replicated"/>
                    <property name="cacheMode" value="REPLICATED"/>
                </bean>

                <!--
                    Partitioned cache configuration.
                -->
                <bean class="org.apache.ignite.configuration.CacheConfiguration">
                    <property name="name" value="local"/>
                    <property name="cacheMode" value="LOCAL"/>
                </bean>
            </list>
        </property>

        <!-- Streamer configurations. -->
        <property name="streamerConfiguration">
            <list>
                <!--
                    Specify list of streamer configurations here.
                -->
            </list>
        </property>
    </bean>
</beans>
